date,slot,ticket,model,res,aspect,credits,job_id,status,notes
2026-09-20,coaches-b,ASSET-015,nano_banana_2_shots,1k,16:9,~4,eb0ce475-c298-48fe-9c3b-ad78b8e9cebc,rejected,ASSET-015 contact-sheet v1 (3x3). Panel cropped for refine.
2026-09-20,coaches-b,ASSET-015,nano_banana_2_shots,1k,16:9,~4,7ff0556a-02c9-4d65-a9e1-89a8bc72c8b7,rejected,ASSET-015 refine still a contact grid.
2026-09-20,coaches-b,ASSET-015,nano_banana_2->nano_banana_flash,2k,16:9,metered,df7f126e-4031-492a-8930-b3f751999063,approved,ASSET-015 chosen single hero master. Working docs/assets/marketing/coaches/group-hero-16x9.webp. Jose auto-approve.
2026-09-20,coaches-b,ASSET-015,upscale_image,4k,16:9,metered,1e7174f8-7587-4a79-a817-d69084b04be6,approved,ASSET-015 4k archive CDN materialize.
2026-09-20,coaches-b,ASSET-015,nano_banana_2,2k,16:9,0 (off-pipeline),06b83517-9b1f-4eef-a63a-529f83ba8b25,superseded,v2 parent lineup with painted BALANSE wall wordmark. Generated by Jose outside the repo pipeline; not billed to this ticket.
2026-09-20,coaches-b,ASSET-015,nano_banana_2,2k,16:9,0 (off-pipeline),a5a6ee9c-ae50-40bd-8529-5f2facd0f6ba,approved,v2 banner master 2752x1536 from share https://higgsfield.ai/s/OnoKJ3_HjCc (prompt: remove the word balanse). Generated by Jose outside the repo pipeline; not billed to this ticket. Jose auto-approve.
2026-09-20,coaches-b,ASSET-015,upscale_image,4k,16:9,2,2fd64b9f-2a94-40fc-91a5-5de7dcea573d,approved,v2 4k archive 4096x2294. Only Assets-billed step this ticket (2 credits exact preflight).
2026-09-20,coaches-b,ASSET-015,n/a,n/a,16:9,0,df7f126e-4031-492a-8930-b3f751999063,superseded,v1 hero master retired by v2. Kept for audit under superseded.* in group-hero-jobs.json.
2026-09-20,coaches-b,ASSET-015,n/a,n/a,16:9,0,1e7174f8-7587-4a79-a817-d69084b04be6,superseded,v1 4k archive retired by v2.
